participant_id,session_id,trial,value_0,value_1,prediction_error
P001,1,1,0.5,-0.5,0.5
P001,1,2,0.370908662,0.629091338,0.629091338
P001,1,3,0.533329147,0.466670853,-0.466670853
P001,1,4,0.653815477,0.346184523,-0.346184523
P001,1,5,0.743194323,0.256805677,-0.256805677
P001,1,6,0.8094971,-0.8094971,0.8094971
P001,1,7,0.600498973,0.399501027,0.399501027
P001,1,8,0.703643217,0.296356783,-0.296356783
P001,1,9,0.780157404,0.219842596,-0.219842596
P001,1,10,0.836916954,0.163083046,0.163083046
P001,1,11,0.879022171,0.120977829,-0.120977829
P001,1,12,0.910256551,0.089743449,0.089743449
P001,1,13,0.933426755,0.066573245,-0.066573245
P001,1,14,0.950614813,0.049385187,0.049385187
P001,1,15,0.963365213,0.036634787,-0.036634787
P001,1,16,0.97282368,-0.97282368,0.97282368
P001,1,17,0.721657459,0.278342541,0.278342541
P001,1,18,0.793520681,0.206479319,-0.206479319
P001,1,19,0.846830064,0.153169936,-0.153169936
P001,1,20,0.886375888,0.113624112,-0.113624112
P001,1,21,0.915711665,0.084288335,-0.084288335
P001,1,22,0.937473453,0.062526547,-0.062526547
P001,1,23,0.953616724,0.046383276,0.046383276
P001,1,24,0.965592083,0.034407917,-0.034407917
P001,1,25,0.974475611,0.025524389,-0.025524389
P001,1,26,0.981065566,0.018934434,-0.018934434
P001,1,27,0.985954109,0.014045891,-0.014045891
P001,1,28,0.989580515,0.010419485,-0.010419485
P001,1,29,0.992270645,-0.992270645,0.992270645
P001,1,30,0.736083555,0.263916445,-0.263916445
P001,1,31,0.804222209,0.195777791,-0.195777791
P001,1,32,0.854768643,0.145231357,-0.145231357
P001,1,33,0.892264863,0.107735137,-0.107735137
P001,1,34,0.920080209,-0.920080209,0.920080209
P001,1,35,0.682531438,0.317468562,-0.317468562
P001,1,36,0.764496321,0.235503679,-0.235503679
P001,1,37,0.825299291,0.174700709,-0.174700709
P001,1,38,0.870403988,0.129596012,-0.129596012
P001,1,39,0.903863433,0.096136567,-0.096136567
P001,1,40,0.928684229,0.071315771,-0.071315771
P001,1,41,0.947096726,-0.947096726,0.947096726
P001,1,42,0.702572758,-0.702572758,0.702572758
P001,1,43,0.521180643,-0.521180643,0.521180643
P001,1,44,0.38662083,0.61337917,0.61337917
P001,1,45,0.544984706,-0.544984706,0.544984706
P001,1,46,0.404279096,-0.404279096,0.404279096
P001,1,47,0.299901237,-0.299901237,0.700098763
P001,1,48,0.222471933,-0.222471933,0.777528067
P001,1,49,0.165033534,-0.165033534,0.834966466
P001,1,50,0.122424735,-0.122424735,0.877575265
P001,1,51,0.090816789,-0.090816789,0.909183211
P001,1,52,0.067369467,-0.067369467,0.067369467
P001,1,53,0.049975838,-0.049975838,0.950024162
P001,1,54,0.037072942,-0.037072942,0.962927058
P001,1,55,0.027501351,-0.027501351,0.972498649
P001,1,56,0.020400979,0.979599021,0.979599021
P001,1,57,0.273316475,-0.273316475,0.726683525
P001,1,58,0.202750896,-0.202750896,0.797249104
P001,1,59,0.150404127,-0.150404127,0.849595873
P001,1,60,0.111572387,-0.111572387,0.888427613
P001,1,61,0.08276633,-0.08276633,0.91723367
P001,1,62,0.061397497,-0.061397497,0.938602503
P001,1,63,0.045545727,-0.045545727,0.954454273
P001,1,64,0.033786609,-0.033786609,0.966213391
P001,1,65,0.025063492,-0.025063492,0.974936508
P001,1,66,0.018592533,-0.018592533,0.981407467
P001,1,67,0.013792263,-0.013792263,0.013792263
P001,1,68,0.010231339,0.989768661,0.989768661
P001,1,69,0.265772461,-0.265772461,0.734227539
P001,1,70,0.197154616,-0.197154616,0.802845384
P001,1,71,0.146252709,-0.146252709,0.853747291
P001,1,72,0.108492794,-0.108492794,0.891507206
P001,1,73,0.080481834,0.919518166,0.919518166
P001,1,74,0.317885495,-0.317885495,0.682114505
P001,1,75,0.235812967,-0.235812967,0.764187033
P001,1,76,0.174930144,0.825069856,0.825069856
P001,1,77,0.387948888,-0.387948888,0.612051112
P001,1,78,0.287787206,-0.287787206,0.712212794
P001,1,79,0.213485535,0.786514465,0.786514465
P001,1,80,0.416549944,-0.416549944,0.583450056
P001,1,81,0.309003965,-0.309003965,0.690996035
P001,1,82,0.229224494,-0.229224494,0.770775506
P001,1,83,0.170042701,-0.170042701,0.829957299
P001,1,84,0.126140621,-0.126140621,0.873859379
P001,1,85,0.093573298,-0.093573298,0.906426702
P001,1,86,0.069414294,0.930585706,0.930585706
P001,1,87,0.309675402,0.690324598,0.690324598
P001,1,88,0.487905254,-0.487905254,0.487905254
P001,1,89,0.36193657,-0.36193657,0.36193657
P001,1,90,0.268490818,-0.268490818,0.731509182
P001,1,91,0.19917114,-0.19917114,0.80082886
P001,1,92,0.147748602,0.852251398,0.852251398
P001,1,93,0.367785149,0.632214851,0.632214851
P001,1,94,0.531012071,-0.531012071,0.531012071
P001,1,95,0.393913953,-0.393913953,0.606086047
P001,1,96,0.292212195,0.707787805,0.707787805
P001,1,97,0.474950744,-0.474950744,0.474950744
P001,1,98,0.35232669,0.64767331,0.64767331
P001,1,99,0.519544719,0.480455281,0.480455281
P001,1,100,0.643589949,0.356410051,-0.356410051
P001,1,101,0.73560885,-0.73560885,0.73560885
P001,1,102,0.545687388,-0.545687388,0.545687388
P001,1,103,0.404800358,0.595199642,-0.595199642
P001,1,104,0.558470594,0.441529406,0.441529406
P001,1,105,0.672465838,-0.672465838,0.672465838
P001,1,106,0.498846808,0.501153192,0.501153192
P001,1,107,0.628235881,0.371764119,-0.371764119
P001,1,108,0.724218936,0.275781064,-0.275781064
P001,1,109,0.795420829,0.204579171,-0.204579171
P001,1,110,0.848239627,0.151760373,-0.151760373
P001,1,111,0.887421526,-0.887421526,0.887421526
P001,1,112,0.658304662,0.341695338,-0.341695338
P001,1,113,0.746524479,0.253475521,-0.253475521
P001,1,114,0.811967467,0.188032533,-0.188032533
P001,1,115,0.86051421,0.13948579,-0.13948579
P001,1,116,0.896527024,0.103472976,-0.103472976
P001,1,117,0.923241954,0.076758046,-0.076758046
P001,1,118,0.943059552,0.056940448,-0.056940448
P001,1,119,0.957760589,0.042239411,-0.042239411
P001,1,120,0.968666073,0.031333927,-0.031333927
P001,1,121,0.97675595,0.02324405,-0.02324405
P001,1,122,0.982757161,0.017242839,-0.017242839
P001,1,123,0.987208964,0.012791036,-0.012791036
P001,1,124,0.990511388,0.009488612,-0.009488612
P001,1,125,0.992961183,0.007038817,-0.007038817
P001,1,126,0.994778484,0.005221516,-0.005221516
P001,1,127,0.996126589,0.003873411,-0.003873411
P001,1,128,0.997126636,0.002873364,-0.002873364
P001,1,129,0.997868489,0.002131511,-0.002131511
P001,1,130,0.998418808,0.001581192,-0.001581192
P001,1,131,0.998827045,0.001172955,-0.001172955
P001,1,132,0.999129881,0.000870119,-0.000870119
P001,1,133,0.999354531,-0.999354531,0.999354531
P001,1,134,0.741338504,0.258661496,-0.258661496
P001,1,135,0.808120421,0.191879579,-0.191879579
P001,1,136,0.857660404,0.142339596,-0.142339596
P001,1,137,0.894410022,-0.894410022,0.894410022
P001,1,138,0.663488849,0.336511151,-0.336511151
P001,1,139,0.750370198,0.249629802,-0.249629802
P001,1,140,0.814820289,0.185179711,-0.185179711
P001,1,141,0.862630482,0.137369518,-0.137369518
P001,1,142,0.898096912,-0.898096912,0.898096912
P001,1,143,0.666223848,0.333776152,-0.333776152
P001,1,144,0.752399068,0.247600932,-0.247600932
P001,1,145,0.816325339,0.183674661,-0.183674661
P001,1,146,0.863746955,0.136253045,-0.136253045
P001,1,147,0.898925131,0.101074869,-0.101074869
P001,1,148,0.925020911,-0.925020911,0.925020911
P001,1,149,0.686196537,-0.686196537,0.686196537
P001,1,150,0.509032478,-0.509032478,0.490967522
P001,1,151,0.377609111,-0.377609111,0.622390889
P001,1,152,0.28011698,-0.28011698,0.71988302
P001,1,153,0.207795628,0.792204372,0.792204372
P001,1,154,0.412329073,-0.412329073,0.412329073
P001,1,155,0.30587285,-0.30587285,0.69412715
P001,1,156,0.226901779,-0.226901779,0.773098221
P001,1,157,0.16831967,-0.16831967,0.83168033
P001,1,158,0.124862447,0.875137553,0.875137553
P001,1,159,0.350807803,0.649192197,-0.649192197
P001,1,160,0.518417982,0.481582018,-0.481582018
P001,1,161,0.642754116,-0.642754116,0.642754116
P001,1,162,0.476806138,-0.476806138,0.476806138
P001,1,163,0.353703053,0.646296947,0.646296947
P001,1,164,0.520565729,-0.520565729,0.520565729
P001,1,165,0.386164676,-0.386164676,0.386164676
P001,1,166,0.286463646,-0.286463646,0.713536354
P001,1,167,0.212503695,-0.212503695,0.787496305
P001,1,168,0.157638923,-0.157638923,0.842361077
P001,1,169,0.116939284,-0.116939284,0.883060716
P001,1,170,0.086747586,-0.086747586,0.913252414
P001,1,171,0.064350862,-0.064350862,0.935649138
P001,1,172,0.047736585,-0.047736585,0.952263415
P001,1,173,0.035411825,-0.035411825,0.964588175
P001,1,174,0.026269106,0.973730894,0.973730894
P001,1,175,0.277669554,0.722330446,0.722330446
P001,1,176,0.464162761,0.535837239,0.535837239
P001,1,177,0.602506654,0.397493346,-0.397493346
P001,1,178,0.70513255,-0.70513255,0.70513255
P001,1,179,0.523079541,-0.523079541,0.476920459
P001,1,180,0.388029465,0.611970535,0.611970535
P001,1,181,0.546029656,-0.546029656,0.546029656
P001,1,182,0.405054258,-0.405054258,0.594945742
P001,1,183,0.300476266,0.699523734,0.699523734
P001,1,184,0.481081175,0.518918825,0.518918825
P001,1,185,0.615057026,-0.615057026,0.615057026
P001,1,186,0.456259957,0.543740043,-0.543740043
P001,1,187,0.596644217,0.403355783,-0.403355783
P001,1,188,0.700783692,-0.700783692,0.700783692
P001,1,189,0.519853483,0.480146517,0.480146517
P001,1,190,0.643818996,-0.643818996,0.356181004
P001,1,191,0.477596084,-0.477596084,0.522403916
P001,1,192,0.354289049,-0.354289049,0.645710951
P001,1,193,0.262817754,-0.262817754,0.737182246
P001,1,194,0.194962763,-0.194962763,0.805037237
P001,1,195,0.144626755,-0.144626755,0.855373245
P001,1,196,0.107286633,-0.107286633,0.892713367
P001,1,197,0.079587083,0.920412917,0.920412917
P001,1,198,0.317221753,0.682778247,0.682778247
P001,1,199,0.493503268,-0.493503268,0.493503268
P001,1,200,0.366089274,0.633910726,-0.633910726
P001,1,201,0.529754041,0.470245959,-0.470245959
P001,1,202,0.651163401,0.348836599,-0.348836599
P001,1,203,0.741226968,-0.741226968,0.741226968
P001,1,204,0.549855006,0.450144994,-0.450144994
P001,1,205,0.666074645,0.333925355,-0.333925355
P001,1,206,0.752288387,-0.752288387,0.752288387
P001,1,207,0.558060558,-0.558060558,0.558060558
P001,1,208,0.41397899,0.58602101,0.58602101
P001,1,209,0.565279462,0.434720538,-0.434720538
P001,1,210,0.677516774,0.322483226,-0.322483226
P001,1,211,0.760776356,-0.760776356,0.760776356
P001,1,212,0.564357081,0.435642919,-0.435642919
P001,1,213,0.676832535,0.323167465,-0.323167465
P001,1,214,0.760268776,0.239731224,-0.239731224
P001,1,215,0.822163225,0.177836775,-0.177836775
P001,1,216,0.8680776,-0.8680776,0.8680776
P001,1,217,0.643955002,0.356044998,-0.356044998
P001,1,218,0.735879652,0.264120348,-0.264120348
P001,1,219,0.804070951,0.195929049,-0.195929049
P001,1,220,0.854656437,-0.854656437,0.854656437
P001,1,221,0.633998951,0.366001049,-0.366001049
P001,1,222,0.728494081,0.271505919,-0.271505919
P001,1,223,0.798592206,0.201407794,-0.201407794
P001,1,224,0.850592209,-0.850592209,0.850592209
P001,1,225,0.630984036,0.369015964,-0.369015964
P001,1,226,0.726257565,0.273742435,-0.273742435
P001,1,227,0.79693312,-0.79693312,0.79693312
P001,1,228,0.591178794,0.408821206,-0.408821206
P001,1,229,0.696729347,0.303270653,-0.303270653
P001,1,230,0.775028576,-0.775028576,0.224971424
P001,1,231,0.574929624,-0.574929624,0.425070376
P001,1,232,0.426492755,0.573507245,0.573507245
P001,1,233,0.57456239,0.42543761,0.42543761
P001,1,234,0.684403011,0.315596989,-0.315596989
P001,1,235,0.765884686,0.234115314,-0.234115314
P001,1,236,0.826329204,0.173670796,-0.173670796
P001,1,237,0.871167995,0.128832005,-0.128832005
P001,1,238,0.904430187,-0.904430187,0.904430187
P001,1,239,0.670921981,0.329078019,0.329078019
P001,1,240,0.755884225,-0.755884225,0.755884225
P001,1,241,0.560728013,-0.560728013,0.560728013
P001,1,242,0.415957754,-0.415957754,0.415957754
P001,1,243,0.308564668,-0.308564668,0.691435332
P001,1,244,0.228898616,-0.228898616,0.771101384
P001,1,245,0.169800959,0.830199041,0.830199041
P001,1,246,0.384143969,0.615856031,0.615856031
P001,1,247,0.543147327,-0.543147327,0.456852673
P001,1,248,0.402916097,0.597083903,0.597083903
P001,1,249,0.557072817,-0.557072817,0.557072817
P001,1,250,0.413246266,-0.413246266,0.586753734
P001,1,251,0.306553239,-0.306553239,0.693446761
P001,1,252,0.227406503,-0.227406503,0.772593497
P001,1,253,0.168694084,-0.168694084,0.831305916
P001,1,254,0.125140194,-0.125140194,0.874859806
P001,1,255,0.092831164,-0.092831164,0.907168836
P001,1,256,0.068863765,0.931136235,0.931136235
P001,1,257,0.30926701,-0.30926701,0.69073299
P001,1,258,0.229419626,-0.229419626,0.770580374
P001,1,259,0.170187453,0.829812547,0.829812547
P001,1,260,0.384430677,-0.384430677,0.615569323
P001,1,261,0.285177336,0.714822664,0.714822664
P001,1,262,0.469732164,-0.469732164,0.530267836
P001,1,263,0.348455457,-0.348455457,0.651544543
P001,1,264,0.258490295,-0.258490295,0.741509705
P001,1,265,0.191752579,0.808247421,0.808247421
P001,1,266,0.400428061,0.599571939,0.599571939
P001,1,267,0.555227149,-0.555227149,0.444772851
P001,1,268,0.411877118,0.588122882,0.588122882
P001,1,269,0.563720257,0.436279743,0.436279743
P001,1,270,0.676360129,-0.676360129,0.323639871
P001,1,271,0.501735661,-0.501735661,0.501735661
P001,1,272,0.372196205,0.627803795,0.627803795
P001,1,273,0.534284269,-0.534284269,0.465715731
P001,1,274,0.396341327,-0.396341327,0.603658673
P001,1,275,0.294012862,-0.294012862,0.705987138
P001,1,276,0.218103835,-0.218103835,0.218103835
P001,1,277,0.161793203,-0.161793203,0.838206797
P001,1,278,0.120021001,0.879978999,0.879978999
P001,1,279,0.347216334,-0.347216334,0.652783666
P001,1,280,0.257571092,0.742428908,0.742428908
P001,1,281,0.449253374,-0.449253374,0.449253374
P001,1,282,0.333263936,0.666736064,-0.666736064
P001,1,283,0.505403637,0.494596363,-0.494596363
P001,1,284,0.63309985,0.36690015,-0.36690015
P001,1,285,0.727827112,0.272172888,-0.272172888
P001,1,286,0.798097437,0.201902563,-0.201902563
P001,1,287,0.850225181,0.149774819,-0.149774819
P001,1,288,0.888894445,-0.888894445,0.888894445
P001,1,289,0.659397298,-0.659397298,0.659397298
P001,1,290,0.489152339,0.510847661,0.510847661
P001,1,291,0.621044355,-0.621044355,0.378955645
P001,1,292,0.460701462,0.539298538,-0.539298538
P001,1,293,0.599939001,0.400060999,-0.400060999
P001,1,294,0.703227821,0.296772179,-0.296772179
P001,1,295,0.779849256,-0.779849256,0.779849256
P001,1,296,0.578505688,0.421494312,-0.421494312
P001,1,297,0.687328218,-0.687328218,0.687328218
P001,1,298,0.509871979,0.490128021,-0.490128021
P001,1,299,0.636414543,0.363585457,-0.363585457
P001,1,300,0.730286009,-0.730286009,0.730286009
P001,1,301,0.541738813,0.458261187,0.458261187
P001,1,302,0.660053913,0.339946087,0.339946087
P001,1,303,0.747822103,-0.747822103,0.252177897
P001,1,304,0.554747391,0.445252609,0.445252609
P001,1,305,0.669703901,-0.669703901,0.669703901
P001,1,306,0.496797956,0.503202044,0.503202044
P001,1,307,0.626716006,0.373283994,0.373283994
P001,1,308,0.723091467,0.276908533,-0.276908533
P001,1,309,0.794584453,0.205415547,-0.205415547
P001,1,310,0.847619189,0.152380811,-0.152380811
P001,1,311,0.886961274,0.113038726,-0.113038726
P001,1,312,0.916145915,-0.916145915,0.916145915
P001,1,313,0.679612911,-0.679612911,0.679612911
P001,1,314,0.504148631,0.495851369,-0.495851369
P001,1,315,0.632168864,0.367831136,-0.367831136
P001,1,316,0.727136491,0.272863509,-0.272863509
P001,1,317,0.797585122,-0.797585122,0.797585122
P001,1,318,0.591662461,0.408337539,0.408337539
P001,1,319,0.69708814,0.30291186,0.30291186
P001,1,320,0.775294734,0.224705266,-0.224705266
P001,1,321,0.833309741,0.166690259,-0.166690259
P001,1,322,0.876346278,0.123653722,-0.123653722
P001,1,323,0.908271527,-0.908271527,0.908271527
P001,1,324,0.673771553,-0.673771553,0.326228447
P001,1,325,0.499815411,-0.499815411,0.500184589
P001,1,326,0.37077173,0.62922827,0.62922827
P001,1,327,0.533227569,-0.533227569,0.533227569
P001,1,328,0.395557448,-0.395557448,0.604442552
P001,1,329,0.293431368,-0.293431368,0.706568632
P001,1,330,0.217672472,-0.217672472,0.782327528
P001,1,331,0.161473211,-0.161473211,0.838526789
P001,1,332,0.119783625,-0.119783625,0.880216375
P001,1,333,0.088857568,-0.088857568,0.911142432
P001,1,334,0.065916083,-0.065916083,0.934083917
P001,1,335,0.048897693,-0.048897693,0.951102307
P001,1,336,0.036273155,-0.036273155,0.963726845
P001,1,337,0.026908055,-0.026908055,0.973091945
P001,1,338,0.019960861,0.980039139,0.980039139
P001,1,339,0.272989989,-0.272989989,0.727010011
P001,1,340,0.202508703,-0.202508703,0.797491297
P001,1,341,0.150224464,-0.150224464,0.849775536
P001,1,342,0.11143911,-0.11143911,0.88856089
P001,1,343,0.082667462,-0.082667462,0.917332538
P001,1,344,0.061324156,-0.061324156,0.938675844
P001,1,345,0.045491321,-0.045491321,0.954508679
P001,1,346,0.03374625,-0.03374625,0.96625375
P001,1,347,0.025033553,-0.025033553,0.974966447
P001,1,348,0.018570323,-0.018570323,0.981429677
P001,1,349,0.013775787,-0.013775787,0.986224213
P001,1,350,0.010219118,-0.010219118,0.989780882
P001,1,351,0.007580719,-0.007580719,0.992419281
P001,1,352,0.005623508,-0.005623508,0.994376492
P001,1,353,0.004171616,0.995828384,0.995828384
P001,1,354,0.261277253,-0.261277253,0.738722747
P001,1,355,0.193819993,-0.193819993,0.806180007
P001,1,356,0.143779028,-0.143779028,0.856220972
P001,1,357,0.106657774,-0.106657774,0.893342226
P001,1,358,0.079120584,-0.079120584,0.920879416
P001,1,359,0.05869302,-0.05869302,0.94130698
P001,1,360,0.043539499,-0.043539499,0.956460501
P001,1,361,0.032298355,-0.032298355,0.967701645
P001,1,362,0.023959479,-0.023959479,0.023959479
P001,1,363,0.017773557,-0.017773557,0.017773557
P001,1,364,0.013184732,0.986815268,-0.986815268
P001,1,365,0.267963339,0.732036661,0.732036661
P001,1,366,0.456962523,0.543037477,0.543037477
P001,1,367,0.597165392,-0.597165392,0.402834608
P001,1,368,0.442987633,0.557012367,-0.557012367
P001,1,369,0.586798577,-0.586798577,0.586798577
P001,1,370,0.43529735,0.56470265,-0.56470265
P001,1,371,0.581093791,0.418906209,-0.418906209
P001,1,372,0.689248117,0.310751883,-0.310751883
P001,1,373,0.76947887,0.23052113,-0.23052113
P001,1,374,0.828995432,-0.828995432,0.828995432
P001,1,375,0.614963173,0.385036827,-0.385036827
P001,1,376,0.714373011,-0.714373011,0.714373011
P001,1,377,0.529934276,-0.529934276,0.529934276
P001,1,378,0.393114426,-0.393114426,0.606885574
P001,1,379,0.291619091,0.708380909,0.708380909
P001,1,380,0.47451077,0.52548923,0.52548923
P001,1,381,0.610182986,-0.610182986,0.610182986
P001,1,382,0.45264431,-0.45264431,0.45264431
P001,1,383,0.33577939,-0.33577939,0.66422061
P001,1,384,0.249086969,0.750913031,0.750913031
P001,1,385,0.442959705,0.557040295,0.557040295
P001,1,386,0.586777859,0.413222141,-0.413222141
P001,1,387,0.693464657,-0.693464657,0.693464657
P001,1,388,0.514424096,0.485575904,0.485575904
P001,1,389,0.639791383,-0.639791383,0.639791383
P001,1,390,0.474608331,0.525391669,0.525391669
P001,1,391,0.610255358,-0.610255358,0.389744642
P001,1,392,0.452697997,0.547302003,0.547302003
P001,1,393,0.594001893,-0.594001893,0.594001893
P001,1,394,0.440640894,-0.440640894,0.559359106
P001,1,395,0.326875049,-0.326875049,0.673124951
P001,1,396,0.242481574,0.757518426,0.757518426
P001,1,397,0.438059709,0.561940291,0.561940291
P001,1,398,0.583142957,0.416857043,-0.416857043
P001,1,399,0.690768224,0.309231776,-0.309231776
P001,1,400,0.770606511,0.229393489,-0.229393489
P001,1,401,0.829831936,0.170168064,-0.170168064
P001,1,402,0.873766382,0.126233618,-0.126233618
P001,1,403,0.906357716,0.093642284,-0.093642284
P001,1,404,0.930534531,0.069465469,-0.069465469
P001,1,405,0.948469312,0.051530688,-0.051530688
P001,1,406,0.961773643,0.038226357,-0.038226357
P001,1,407,0.971643026,0.028356974,-0.028356974
P001,1,408,0.978964305,0.021035695,-0.021035695
P001,1,409,0.984395357,0.015604643,-0.015604643
P001,1,410,0.988424206,0.011575794,-0.011575794
P001,1,411,0.991412875,-0.991412875,0.991412875
P001,1,412,0.735447246,0.264552754,-0.264552754
P001,1,413,0.803750184,0.196249816,-0.196249816
P001,1,414,0.854418487,0.145581513,-0.145581513
P001,1,415,0.892005111,0.107994889,0.107994889
P001,1,416,0.919887521,0.080112479,-0.080112479
P001,1,417,0.940571175,0.059428825,-0.059428825
P001,1,418,0.955914668,0.044085332,-0.044085332
P001,1,419,0.967296737,0.032703263,-0.032703263
P001,1,420,0.975740153,0.024259847,-0.024259847
P001,1,421,0.982003625,-0.982003625,0.982003625
P001,1,422,0.728467301,0.271532699,-0.271532699
P001,1,423,0.79857234,0.20142766,-0.20142766
P001,1,424,0.850577472,0.149422528,-0.149422528
P001,1,425,0.88915578,0.11084422,-0.11084422
P001,1,426,0.917773838,-0.917773838,0.917773838
P001,1,427,0.680820532,0.319179468,-0.319179468
P001,1,428,0.763227141,0.236772859,-0.236772859
P001,1,429,0.824357792,0.175642208,-0.175642208
P001,1,430,0.869705567,0.130294433,-0.130294433
P001,1,431,0.903345332,0.096654668,-0.096654668
P001,1,432,0.928299893,0.071700107,-0.071700107
P001,1,433,0.946811619,0.053188381,-0.053188381
P001,1,434,0.960543937,-0.960543937,0.960543937
P001,1,435,0.712548133,-0.712548133,0.712548133
P001,1,436,0.528580549,0.471419451,0.471419451
P001,1,437,0.650292885,-0.650292885,0.349707115
P001,1,438,0.482398527,-0.482398527,0.517601473
P001,1,439,0.357851585,-0.357851585,0.357851585
P001,1,440,0.265460505,-0.265460505,0.734539495
P001,1,441,0.196923201,-0.196923201,0.803076799
P001,1,442,0.146081042,0.853918958,0.853918958
P001,1,443,0.366548124,-0.366548124,0.633451876
P001,1,444,0.271911748,0.728088252,-0.728088252
P001,1,445,0.459891522,0.540108478,-0.540108478
P001,1,446,0.599338174,-0.599338174,0.400661826
P001,1,447,0.44459944,0.55540056,0.55540056
P001,1,448,0.587994243,-0.587994243,0.412005757
P001,1,449,0.436184316,-0.436184316,0.436184316
P001,1,450,0.323569082,-0.323569082,0.323569082
P001,1,451,0.24002915,-0.24002915,0.75997085
P001,1,452,0.178057782,-0.178057782,0.821942218
P001,1,453,0.132086347,-0.132086347,0.867913653
P001,1,454,0.097983941,0.902016059,0.902016059
P001,1,455,0.330868861,-0.330868861,0.669131139
P001,1,456,0.245444253,-0.245444253,0.245444253
P001,1,457,0.182074799,-0.182074799,0.817925201
P001,1,458,0.13506624,-0.13506624,0.86493376
P001,1,459,0.100194477,0.899805523,0.899805523
P001,1,460,0.332508675,-0.332508675,0.667491325
P001,1,461,0.246660695,-0.246660695,0.753339305
P001,1,462,0.182977177,-0.182977177,0.817022823
P001,1,463,0.13573564,-0.13573564,0.86426436
P001,1,464,0.100691049,-0.100691049,0.899308951
P001,1,465,0.074694364,-0.074694364,0.925305636
P001,1,466,0.055409574,-0.055409574,0.944590426
P001,1,467,0.041103782,-0.041103782,0.958896218
P001,1,468,0.030491497,0.969508503,0.969508503
P001,1,469,0.280801797,0.719198203,0.719198203
P001,1,470,0.466486314,0.533513686,0.533513686
P001,1,471,0.604230305,-0.604230305,0.604230305
P001,1,472,0.448228508,-0.448228508,0.448228508
P001,1,473,0.332503672,0.667496328,-0.667496328
P001,1,474,0.50483966,-0.50483966,0.50483966
P001,1,475,0.374498806,0.625501194,0.625501194
P001,1,476,0.535992378,0.464007622,0.464007622
P001,1,477,0.655791108,-0.655791108,0.655791108
P001,1,478,0.486477205,-0.486477205,0.486477205
P001,1,479,0.360877218,0.639122782,0.639122782
P001,1,480,0.525887648,0.474112352,0.474112352
P001,1,481,0.648295244,-0.648295244,0.351704756
P001,1,482,0.480916643,-0.480916643,0.519083357
P001,1,483,0.356752297,-0.356752297,0.643247703
P001,1,484,0.264645034,-0.264645034,0.735354966
P001,1,485,0.196318271,0.803681729,0.803681729
P001,1,486,0.403814971,-0.403814971,0.596185029
P001,1,487,0.299556941,0.700443059,0.700443059
P001,1,488,0.480399204,0.519600796,0.519600796
P001,1,489,0.614551128,-0.614551128,0.385448872
P001,1,490,0.455884673,0.544115327,-0.544115327
P001,1,491,0.596365825,0.403634175,-0.403634175
P001,1,492,0.700577176,-0.700577176,0.700577176
P001,1,493,0.519700286,-0.519700286,0.480299714
P001,1,494,0.385522675,0.614477325,0.614477325
P001,1,495,0.544170075,-0.544170075,0.544170075
P001,1,496,0.403674789,0.596325211,-0.596325211
P001,1,497,0.557635628,-0.557635628,0.557635628
P001,1,498,0.413663769,-0.413663769,0.413663769
P001,1,499,0.30686295,0.69313705,0.69313705
P001,1,500,0.485818929,0.514181071,0.514181071
P001,1,501,0.618571574,0.381428426,0.381428426
P001,1,502,0.717049786,0.282950214,-0.282950214
P001,1,503,0.790102629,-0.790102629,0.790102629
P001,1,504,0.586111818,-0.586111818,0.413888182
P001,1,505,0.4347879,-0.4347879,0.5652121
P001,1,506,0.322533197,-0.322533197,0.677466803
P001,1,507,0.239260713,-0.239260713,0.760739287
P001,1,508,0.177487742,-0.177487742,0.822512258
P001,1,509,0.131663481,-0.131663481,0.868336519
P001,1,510,0.097670251,-0.097670251,0.902329749
P001,1,511,0.072453485,-0.072453485,0.927546515
P001,1,512,0.05374725,0.94625275,0.94625275
P001,1,513,0.298053317,-0.298053317,0.701946683
P001,1,514,0.221101114,-0.221101114,0.778898886
P001,1,515,0.164016637,-0.164016637,0.835983363
P001,1,516,0.121670383,-0.121670383,0.878329617
P001,1,517,0.090257198,-0.090257198,0.909742802
P001,1,518,0.066954353,-0.066954353,0.933045647
P001,1,519,0.049667899,-0.049667899,0.950332101
P001,1,520,0.036844508,-0.036844508,0.963155492
P001,1,521,0.027331894,-0.027331894,0.972668106
P001,1,522,0.020275273,0.979724727,0.979724727
P001,1,523,0.273223225,-0.273223225,0.726776775
P001,1,524,0.202681721,-0.202681721,0.797318279
P001,1,525,0.150352812,-0.150352812,0.849647188
P001,1,526,0.111534321,-0.111534321,0.888465679
P001,1,527,0.082738091,0.917261909,0.917261909
P001,1,528,0.319559226,-0.319559226,0.680440774
P001,1,529,0.23705457,-0.23705457,0.76294543
P001,1,530,0.175851186,-0.175851186,0.824148814
P001,1,531,0.130449456,-0.130449456,0.869550544
P001,1,532,0.096769667,-0.096769667,0.903230333
P001,1,533,0.071785415,0.928214585,0.928214585
P001,1,534,0.311434341,0.688565659,0.688565659
P001,1,535,0.489210065,-0.489210065,0.510789935
P001,1,536,0.362904502,-0.362904502,0.637095498
P001,1,537,0.269208846,-0.269208846,0.730791154
P001,1,538,0.199703786,-0.199703786,0.800296214
P001,1,539,0.148143728,-0.148143728,0.851856272
P001,1,540,0.109895584,-0.109895584,0.890104416
P001,1,541,0.081522448,-0.081522448,0.918477552
P001,1,542,0.060474764,-0.060474764,0.939525236
P001,1,543,0.044861228,-0.044861228,0.955138772
P001,1,544,0.033278836,0.966721164,0.966721164
P001,1,545,0.282869493,0.717130507,0.717130507
P001,1,546,0.468020167,0.531979833,0.531979833
P001,1,547,0.605368144,0.394631856,0.394631856
P001,1,548,0.707255252,0.292744748,0.292744748
P001,1,549,0.782836875,0.217163125,-0.217163125
P001,1,550,0.838904632,-0.838904632,0.838904632
P001,1,551,0.622313989,-0.622313989,0.377686011
P001,1,552,0.461643298,0.538356702,0.538356702
P001,1,553,0.600637672,0.399362328,-0.399362328
P001,1,554,0.703746107,0.296253893,-0.296253893
P001,1,555,0.78023373,0.21976627,-0.21976627
P001,1,556,0.836973573,0.163026427,-0.163026427
P001,1,557,0.879064173,0.120935827,-0.120935827
P001,1,558,0.910287708,0.089712292,-0.089712292
P001,1,559,0.933449868,-0.933449868,0.933449868
P001,1,560,0.692449283,0.307550717,-0.307550717
P001,1,561,0.77185355,0.22814645,-0.22814645
P001,1,562,0.830757011,-0.830757011,0.830757011
P001,1,563,0.616269943,0.383730057,-0.383730057
P001,1,564,0.715342396,0.284657604,-0.284657604
P001,1,565,0.788836058,-0.788836058,0.788836058
P001,1,566,0.585172253,0.414827747,-0.414827747
P001,1,567,0.692273591,-0.692273591,0.692273591
P001,1,568,0.513540543,-0.513540543,0.513540543
P001,1,569,0.380953271,0.619046729,-0.619046729
P001,1,570,0.540780412,0.459219588,-0.459219588
P001,1,571,0.659342954,0.340657046,-0.340657046
P001,1,572,0.747294702,-0.747294702,0.747294702
P001,1,573,0.554356156,-0.554356156,0.554356156
P001,1,574,0.411231,0.588769,-0.588769
P001,1,575,0.563240956,0.436759044,-0.436759044
P001,1,576,0.676004575,-0.676004575,0.676004575
P001,1,577,0.501471905,-0.501471905,0.501471905
P001,1,578,0.372000546,-0.372000546,0.372000546
P001,1,579,0.27595645,-0.27595645,0.27595645
P001,1,580,0.204709275,0.795290725,-0.795290725
P001,1,581,0.410039563,-0.410039563,0.410039563
P001,1,582,0.304174451,0.695825549,0.695825549
P001,1,583,0.483824553,-0.483824553,0.516175447
P001,1,584,0.358909435,-0.358909435,0.641090565
P001,1,585,0.266245237,0.733754763,0.733754763
P001,1,586,0.455688005,0.544311995,-0.544311995
P001,1,587,0.596219933,0.403780067,-0.403780067
P001,1,588,0.700468951,-0.700468951,0.700468951
P001,1,589,0.519620003,-0.519620003,0.519620003
P001,1,590,0.38546312,0.61453688,0.61453688
P001,1,591,0.544125896,-0.544125896,0.544125896
P001,1,592,0.403642016,-0.403642016,0.596357984
P001,1,593,0.29942864,-0.29942864,0.70057136
P001,1,594,0.222121353,-0.222121353,0.222121353
P001,1,595,0.164773467,-0.164773467,0.835226533
P001,1,596,0.122231813,-0.122231813,0.877768187
P001,1,597,0.090673676,-0.090673676,0.909326324
P001,1,598,0.067263304,0.932736696,0.932736696
P001,1,599,0.30807976,-0.30807976,0.69192024
P001,1,600,0.228538903,-0.228538903,0.771461097
P001,1,601,0.169534118,0.830465882,0.830465882
P001,1,602,0.383946022,-0.383946022,0.383946022
P001,1,603,0.28481781,0.71518219,-0.71518219
P001,1,604,0.469465462,-0.469465462,0.469465462
P001,1,605,0.348257613,-0.348257613,0.651742387
P001,1,606,0.25834353,0.74165647,0.74165647
P001,1,607,0.449826382,-0.449826382,0.449826382
P001,1,608,0.333689003,0.666310997,-0.666310997
P001,1,609,0.505718959,0.494281041,0.494281041
P001,1,610,0.633333761,0.366666239,-0.366666239
P001,1,611,0.728000632,0.271999368,-0.271999368
P001,1,612,0.798226157,-0.798226157,0.798226157
P001,1,613,0.592137991,0.407862009,-0.407862009
P001,1,614,0.697440896,0.302559104,0.302559104
P001,1,615,0.775556415,0.224443585,0.224443585
P001,1,616,0.833503861,0.166496139,0.166496139
P001,1,617,0.87649028,0.12350972,-0.12350972
P001,1,618,0.90837835,0.09162165,-0.09162165
P001,1,619,0.932033473,0.067966527,-0.067966527
P001,1,620,0.949581253,0.050418747,-0.050418747
P001,1,621,0.9625985,0.0374015,0.0374015
P001,1,622,0.972254919,0.027745081,0.027745081
P001,1,623,0.979418218,0.020581782,-0.020581782
P001,1,624,0.984732078,0.015267922,-0.015267922
P001,1,625,0.988673991,0.011326009,-0.011326009
P001,1,626,0.99159817,0.00840183,-0.00840183
P001,1,627,0.993767377,0.006232623,-0.006232623
P001,1,628,0.995376532,0.004623468,-0.004623468
P001,1,629,0.996570232,0.003429768,-0.003429768
P001,1,630,0.997455738,0.002544262,-0.002544262
P001,1,631,0.998112623,0.001887377,-0.001887377
P001,1,632,0.998599911,-0.998599911,0.998599911
P001,1,633,0.740778713,0.259221287,-0.259221287
P001,1,634,0.807705159,0.192294841,-0.192294841
P001,1,635,0.857352356,0.142647644,-0.142647644
P001,1,636,0.894181506,0.105818494,-0.105818494
P001,1,637,0.921502008,0.078497992,-0.078497992
P001,1,638,0.94176883,0.05823117,-0.05823117
P001,1,639,0.956803109,0.043196891,-0.043196891
P001,1,640,0.967955798,0.032044202,-0.032044202
P001,1,641,0.976229056,0.023770944,-0.023770944
P001,1,642,0.982366302,0.017633698,-0.017633698
P001,1,643,0.986919017,0.013080983,-0.013080983
P001,1,644,0.9902963,-0.9902963,0.9902963
P001,1,645,0.734618951,-0.734618951,0.734618951
P001,1,646,0.544953064,-0.544953064,0.455046936
P001,1,647,0.404255624,-0.404255624,0.595744376
P001,1,648,0.299883825,-0.299883825,0.700116175
P001,1,649,0.222459017,-0.222459017,0.222459017
P001,1,650,0.165023952,-0.165023952,0.165023952
P001,1,651,0.122417627,-0.122417627,0.877582373
P001,1,652,0.090811516,-0.090811516,0.909188484
P001,1,653,0.067365556,0.932634444,0.932634444
P001,1,654,0.308155613,0.691844387,-0.691844387
P001,1,655,0.486777848,-0.486777848,0.486777848
P001,1,656,0.361100241,0.638899759,0.638899759
P001,1,657,0.52605309,-0.52605309,0.52605309
P001,1,658,0.390235296,-0.390235296,0.609764704
P001,1,659,0.289483303,-0.289483303,0.710516697
P001,1,660,0.214743729,-0.214743729,0.785256271
P001,1,661,0.159300618,-0.159300618,0.840699382
P001,1,662,0.118171958,-0.118171958,0.881828042
P001,1,663,0.087662006,-0.087662006,0.912337994
P001,1,664,0.065029195,-0.065029195,0.934970805
P001,1,665,0.048239783,-0.048239783,0.951760217
P001,1,666,0.035785107,-0.035785107,0.964214893
P001,1,667,0.026546012,-0.026546012,0.973453988
P001,1,668,0.019692292,-0.019692292,0.980307708
P001,1,669,0.014608083,-0.014608083,0.985391917
P001,1,670,0.010836529,0.989163471,0.989163471
P001,1,671,0.266221401,-0.266221401,0.733778599
P001,1,672,0.197487647,-0.197487647,0.802512353
P001,1,673,0.146499758,0.853500242,0.853500242
P001,1,674,0.366858735,-0.366858735,0.633141265
P001,1,675,0.272142165,-0.272142165,0.727857835
P001,1,676,0.201879772,-0.201879772,0.798120228
P001,1,677,0.149757912,-0.149757912,0.850242088
P001,1,678,0.111093014,-0.111093014,0.888906986
P001,1,679,0.082410722,-0.082410722,0.917589278
P001,1,680,0.061133701,-0.061133701,0.938866299
P001,1,681,0.045350039,-0.045350039,0.954649961
P001,1,682,0.033641444,-0.033641444,0.966358556
P001,1,683,0.024955806,-0.024955806,0.975044194
P001,1,684,0.018512649,-0.018512649,0.981487351
P001,1,685,0.013733004,0.986266996,0.986266996
P001,1,686,0.268370057,0.731629943,0.731629943
P001,1,687,0.457264233,0.542735767,0.542735767
P001,1,688,0.597389206,-0.597389206,0.597389206
P001,1,689,0.443153662,0.556846338,0.556846338
P001,1,690,0.58692174,-0.58692174,0.41307826
P001,1,691,0.435388714,0.564611286,0.564611286
P001,1,692,0.581161567,0.418838433,0.418838433
P001,1,693,0.689298395,0.310701605,-0.310701605
P001,1,694,0.769516167,-0.769516167,0.769516167
P001,1,695,0.570840423,0.429159577,0.429159577
P001,1,696,0.681641991,-0.681641991,0.681641991
P001,1,697,0.505653838,0.494346162,0.494346162
P001,1,698,0.633285453,0.366714547,-0.366714547
P001,1,699,0.727964796,0.272035204,0.272035204
P001,1,700,0.798199573,-0.798199573,0.798199573
P001,1,701,0.592118271,0.407881729,-0.407881729
P001,1,702,0.697426267,-0.697426267,0.697426267
P001,1,703,0.517362887,0.482637113,0.482637113
P001,1,704,0.641971429,0.358028571,0.358028571
P001,1,705,0.734408203,-0.734408203,0.265591797
P001,1,706,0.544796728,0.455203272,0.455203272
P001,1,707,0.662322327,0.337677673,-0.337677673
P001,1,708,0.749504852,0.250495148,-0.250495148
P001,1,709,0.81417836,0.18582164,-0.18582164
P001,1,710,0.862154288,0.137845712,-0.137845712
P001,1,711,0.897743663,0.102256337,-0.102256337
P001,1,712,0.924144478,0.075855522,-0.075855522
P001,1,713,0.943729059,0.056270941,-0.056270941
P001,1,714,0.958257242,-0.958257242,0.958257242
P001,1,715,0.710851822,0.289148178,0.289148178
P001,1,716,0.785504873,-0.785504873,0.785504873
P001,1,717,0.582701123,0.417298877,0.417298877
P001,1,718,0.690440463,0.309559537,-0.309559537
P001,1,719,0.770363373,-0.770363373,0.770363373
P001,1,720,0.571468896,0.428531104,0.428531104
P001,2,1,0.5,-0.5,0.5
P001,2,2,0.397585865,0.602414135,0.602414135
P001,2,3,0.52097731,0.47902269,-0.47902269
P001,2,4,0.619094698,0.380905302,-0.380905302
P001,2,5,0.697114872,0.302885128,-0.302885128
P001,2,6,0.759154309,-0.759154309,0.759154309
P001,2,7,0.603658046,0.396341954,0.396341954
P001,2,8,0.684840082,0.315159918,-0.315159918
P001,2,9,0.749393743,0.250606257,-0.250606257
P001,2,10,0.800724989,0.199275011,-0.199275011
P001,2,11,0.841542144,0.158457856,0.158457856
P001,2,12,0.873998793,0.126001207,0.126001207
P001,2,13,0.899807402,0.100192598,-0.100192598
P001,2,14,0.920329678,0.079670322,-0.079670322
P001,2,15,0.936648412,0.063351588,-0.063351588
P001,2,16,0.949624608,-0.949624608,0.949624608
P001,2,17,0.755114643,0.244885357,-0.244885357
P001,2,18,0.805274087,0.194725913,-0.194725913
P001,2,19,0.845159459,0.154840541,-0.154840541
P001,2,20,0.876875179,0.123124821,-0.123124821
P001,2,21,0.902094623,0.097905377,-0.097905377
P001,2,22,0.922148412,0.077851588,-0.077851588
P001,2,23,0.938094618,0.061905382,-0.061905382
P001,2,24,0.95077459,0.04922541,-0.04922541
P001,2,25,0.960857346,0.039142654,-0.039142654
P001,2,26,0.968874868,0.031125132,-0.031125132
P001,2,27,0.975250175,0.024749825,-0.024749825
P001,2,28,0.980319639,0.019680361,-0.019680361
P001,2,29,0.984350733,-0.984350733,0.984350733
P001,2,30,0.782727876,0.217272124,-0.217272124
P001,2,31,0.827231349,0.172768651,-0.172768651
P001,2,32,0.862619253,0.137380747,-0.137380747
P001,2,33,0.890758714,0.109241286,-0.109241286
P001,2,34,0.913134417,-0.913134417,0.913134417
P001,2,35,0.726098675,0.273901325,-0.273901325
P001,2,36,0.782201409,0.217798591,-0.217798591
P001,2,37,0.826812718,0.173187282,-0.173187282
P001,2,38,0.862286369,0.137713631,-0.137713631
P001,2,39,0.890494014,0.109505986,-0.109505986
P001,2,40,0.912923935,0.087076065,-0.087076065
P001,2,41,0.930759575,-0.930759575,0.930759575
P001,2,42,0.740113702,-0.740113702,0.740113702
P001,2,43,0.588517494,-0.588517494,0.411482506
P001,2,44,0.467972474,0.532027526,0.532027526
P001,2,45,0.576946751,-0.576946751,0.576946751
P001,2,46,0.458771747,-0.458771747,0.541228253
P001,2,47,0.364802324,-0.364802324,0.635197676
P001,2,48,0.290080495,-0.290080495,0.709919505
P001,2,49,0.23066381,-0.23066381,0.76933619
P001,2,50,0.183417341,-0.183417341,0.816582659
P001,2,51,0.145848284,-0.145848284,0.854151716
P001,2,52,0.115974433,-0.115974433,0.884025567
P001,2,53,0.09221959,-0.09221959,0.90778041
P001,2,54,0.073330411,-0.073330411,0.926669589
P001,2,55,0.05831027,-0.05831027,0.94168973
P001,2,56,0.046366678,0.953633322,0.953633322
P001,2,57,0.241697741,-0.241697741,0.758302259
P001,2,58,0.192191211,-0.192191211,0.807808789
P001,2,59,0.152825018,-0.152825018,0.847174982
P001,2,60,0.121522134,-0.121522134,0.878477866
P001,2,61,0.096630966,-0.096630966,0.903369034
P001,2,62,0.076838212,-0.076838212,0.923161788
P001,2,63,0.061099574,-0.061099574,0.938900426
P001,2,64,0.048584654,-0.048584654,0.951415346
P001,2,65,0.038633144,-0.038633144,0.961366856
P001,2,66,0.030719984,-0.030719984,0.969280016
P001,2,67,0.024427663,-0.024427663,0.975572337
P001,2,68,0.019424187,0.980575813,0.980575813
P001,2,69,0.220273833,-0.220273833,0.779726167
P001,2,70,0.175155525,-0.175155525,0.824844475
P001,2,71,0.139278722,-0.139278722,0.860721278
P001,2,72,0.110750503,-0.110750503,0.889249497
P001,2,73,0.088065669,0.911934331,0.911934331
P001,2,74,0.2748556,-0.2748556,0.7251444
P001,2,75,0.218557403,-0.218557403,0.781442597
P001,2,76,0.173790668,0.826209332,0.826209332
P001,2,77,0.343021696,-0.343021696,0.656978304
P001,2,78,0.272761155,-0.272761155,0.727238845
P001,2,79,0.21689196,0.78310804,0.78310804
P001,2,80,0.377294625,-0.377294625,0.622705375
P001,2,81,0.30001402,-0.30001402,0.69998598
P001,2,82,0.238562667,-0.238562667,0.761437333
P001,2,83,0.189698289,-0.189698289,0.810301711
P001,2,84,0.150842717,-0.150842717,0.849157283
P001,2,85,0.119945864,-0.119945864,0.880054136
P001,2,86,0.09537756,0.90462244,0.90462244
P001,2,87,0.280669809,0.719330191,0.719330191
P001,2,88,0.428008967,-0.428008967,0.428008967
P001,2,89,0.340340631,-0.340340631,0.659659369
P001,2,90,0.270629249,-0.270629249,0.729370751
P001,2,91,0.215196728,-0.215196728,0.784803272
P001,2,92,0.171118355,0.828881645,0.828881645
P001,2,93,0.340896748,0.659103252,0.659103252
P001,2,94,0.475899726,-0.475899726,0.524100274
P001,2,95,0.378422009,-0.378422009,0.378422009
P001,2,96,0.300910484,0.699089516,0.699089516
P001,2,97,0.444103779,-0.444103779,0.444103779
P001,2,98,0.353138771,0.646861229,0.646861229
P001,2,99,0.485634237,0.514365763,0.514365763
P001,2,100,0.590990886,0.409009114,-0.409009114
P001,2,101,0.674767515,-0.674767515,0.674767515
P001,2,102,0.536556053,-0.536556053,0.536556053
P001,2,103,0.426654205,0.573345795,0.573345795
P001,2,104,0.544091632,0.455908368,-0.455908368
P001,2,105,0.637474554,-0.637474554,0.637474554
P001,2,106,0.506901744,0.493098256,0.493098256
P001,2,107,0.607902207,0.392097793,-0.392097793
P001,2,108,0.688214919,0.311785081,-0.311785081
P001,2,109,0.752077317,0.247922683,-0.247922683
P001,2,110,0.802858891,0.197141109,-0.197141109
P001,2,111,0.843238963,-0.843238963,0.843238963
P001,2,112,0.670519786,0.329480214,-0.329480214
P001,2,113,0.738006648,0.261993352,-0.261993352
P001,2,114,0.791670293,0.208329707,-0.208329707
P001,2,115,0.834342106,0.165657894,-0.165657894
P001,2,116,0.868273526,0.131726474,-0.131726474
P001,2,117,0.895254832,0.104745168,-0.104745168
P001,2,118,0.916709603,0.083290397,-0.083290397
P001,2,119,0.933769831,0.066230169,-0.066230169
P001,2,120,0.947335642,0.052664358,-0.052664358
P001,2,121,0.958122791,0.041877209,-0.041877209
P001,2,122,0.966700427,0.033299573,-0.033299573
P001,2,123,0.973521121,0.026478879,-0.026478879
P001,2,124,0.978944744,0.021055256,-0.021055256
P001,2,125,0.983257456,0.016742544,-0.016742544
P001,2,126,0.986686802,0.013313198,-0.013313198
P001,2,127,0.989413721,0.010586279,-0.010586279
P001,2,128,0.991582091,0.008417909,-0.008417909
P001,2,129,0.993306316,0.006693684,-0.006693684
P001,2,130,0.994677372,0.005322628,-0.005322628
P001,2,131,0.995767597,0.004232403,-0.004232403
P001,2,132,0.996634513,0.003365487,-0.003365487
P001,2,133,0.997323859,-0.997323859,0.997323859
P001,2,134,0.79304374,0.20695626,-0.20695626
P001,2,135,0.835434232,0.164565768,-0.164565768
P001,2,136,0.869141954,0.130858046,-0.130858046
P001,2,137,0.895945381,-0.895945381,0.895945381
P001,2,138,0.712430439,0.287569561,-0.287569561
P001,2,139,0.771332815,0.228667185,-0.228667185
P001,2,140,0.818170318,0.181829682,-0.181829682
P001,2,141,0.855414177,0.144585823,-0.144585823
P001,2,142,0.885029441,-0.885029441,0.885029441
P001,2,143,0.703750393,0.296249607,-0.296249607
P001,2,144,0.764430687,0.235569313,-0.235569313
P001,2,145,0.812681942,0.187318058,-0.187318058
P001,2,146,0.851049975,0.148950025,-0.148950025
P001,2,147,0.881559151,0.118440849,-0.118440849
P001,2,148,0.905819185,-0.905819185,0.905819185
P001,2,149,0.720281809,-0.720281809,0.720281809
P001,2,150,0.572747733,-0.572747733,0.572747733
P001,2,151,0.455432806,-0.455432806,0.544567194
P001,2,152,0.362147293,-0.362147293,0.637852707
P001,2,153,0.28796929,0.71203071,0.71203071
P001,2,154,0.433813308,-0.433813308,0.566186692
P001,2,155,0.344956079,-0.344956079,0.655043921
P001,2,156,0.274299322,-0.274299322,0.725700678
P001,2,157,0.218115067,-0.218115067,0.781884933
P001,2,158,0.173438935,0.826561065,0.826561065
P001,2,159,0.342742007,0.657257993,0.657257993
P001,2,160,0.477367024,0.522632976,-0.522632976
P001,2,161,0.584417032,-0.584417032,0.584417032
P001,2,162,0.464711903,-0.464711903,0.464711903
P001,2,163,0.369525768,0.630474232,0.630474232
P001,2,164,0.498664714,-0.498664714,0.501335286
P001,2,165,0.396524084,-0.396524084,0.396524084
P001,2,166,0.315304742,-0.315304742,0.684695258
P001,2,167,0.250721417,-0.250721417,0.749278583
P001,2,168,0.199366583,-0.199366583,0.800633417
P001,2,169,0.158530671,-0.158530671,0.841469329
P001,2,170,0.126059108,-0.126059108,0.873940892
P001,2,171,0.100238639,-0.100238639,0.899761361
P001,2,172,0.079706932,-0.079706932,0.920293068
P001,2,173,0.063380699,-0.063380699,0.936619301
P001,2,174,0.05039854,0.94960146,0.94960146
P001,2,175,0.244903764,0.755096236,0.755096236
P001,2,176,0.399568819,0.600431181,-0.600431181
P001,2,177,0.522554099,0.477445901,-0.477445901
P001,2,178,0.620348516,-0.620348516,0.620348516
P001,2,179,0.493283603,-0.493283603,0.506716397
P001,2,180,0.392245177,0.607754823,0.607754823
P001,2,181,0.516730545,-0.516730545,0.516730545
P001,2,182,0.410889522,-0.410889522,0.410889522
P001,2,183,0.326727732,0.673272268,-0.673272268
P001,2,184,0.464632926,0.535367074,-0.535367074
P001,2,185,0.574291237,-0.574291237,0.425708763
P001,2,186,0.456660157,0.543339843,0.543339843
P001,2,187,0.567951516,0.432048484,-0.432048484
P001,2,188,0.65644726,-0.65644726,0.65644726
P001,2,189,0.521988304,0.478011696,-0.478011696
P001,2,190,0.619898612,-0.619898612,0.619898612
P001,2,191,0.492925852,-0.492925852,0.492925852
P001,2,192,0.391960703,-0.391960703,0.608039297
P001,2,193,0.311676071,-0.311676071,0.688323929
P001,2,194,0.247836001,-0.247836001,0.752163999
P001,2,195,0.197072182,-0.197072182,0.802927818
P001,2,196,0.156706228,-0.156706228,0.843293772
P001,2,197,0.124608362,0.875391638,0.875391638
P001,2,198,0.303913316,0.696086684,0.696086684
P001,2,199,0.446491547,-0.446491547,0.446491547
P001,2,200,0.355037456,0.644962544,-0.644962544
P001,2,201,0.487144018,0.512855982,-0.512855982
P001,2,202,0.592191421,0.407808579,-0.407808579
P001,2,203,0.675722146,-0.675722146,0.675722146
P001,2,204,0.537315149,0.462684851,-0.462684851
P001,2,205,0.632086086,0.367913914,0.367913914
P001,2,206,0.707445256,-0.707445256,0.292554744
P001,2,207,0.562540469,-0.562540469,0.437459531
P001,2,208,0.447316278,0.552683722,-0.552683722
P001,2,209,0.560521528,0.439478472,-0.439478472
P001,2,210,0.650539143,0.349460857,-0.349460857
P001,2,211,0.722118606,-0.722118606,0.722118606
P001,2,212,0.574208301,0.425791699,-0.425791699
P001,2,213,0.661422478,0.338577522,0.338577522
P001,2,214,0.730772726,0.269227274,0.269227274
P001,2,215,0.785918082,0.214081918,0.214081918
P001,2,216,0.829768111,-0.829768111,0.829768111
P001,2,217,0.659808145,0.340191855,-0.340191855
P001,2,218,0.729489054,0.270510946,-0.270510946
P001,2,219,0.784897343,0.215102657,-0.215102657
P001,2,220,0.828956448,-0.828956448,0.828956448
P001,2,221,0.659162733,0.340837267,-0.340837267
P001,2,222,0.728975841,0.271024159,-0.271024159
P001,2,223,0.78448925,0.21551075,-0.21551075
P001,2,224,0.828631944,-0.828631944,0.828631944
P001,2,225,0.658904697,0.341095303,-0.341095303
P001,2,226,0.728770658,0.271229342,-0.271229342
P001,2,227,0.784326094,-0.784326094,0.215673906
P001,2,228,0.623673938,0.376326062,0.376326062
P001,2,229,0.700756154,0.299243846,0.299243846
P001,2,230,0.762049753,-0.762049753,0.762049753
P001,2,231,0.605960421,-0.605960421,0.605960421
P001,2,232,0.481842597,0.518157403,0.518157403
P001,2,233,0.587975881,0.412024119,0.412024119
P001,2,234,0.672370068,0.327629932,-0.327629932
P001,2,235,0.73947794,0.26052206,-0.26052206
P001,2,236,0.792840223,0.207159777,-0.207159777
P001,2,237,0.835272401,0.164727599,-0.164727599
P001,2,238,0.86901327,-0.86901327,0.86901327
P001,2,239,0.691014786,0.308985214,-0.308985214
P001,2,240,0.754303693,-0.754303693,0.754303693
P001,2,241,0.599800973,-0.599800973,0.400199027
P001,2,242,0.476944778,-0.476944778,0.523055222
P001,2,243,0.379253004,-0.379253004,0.379253004
P001,2,244,0.301571268,-0.301571268,0.301571268
P001,2,245,0.239800947,0.760199053,0.760199053
P001,2,246,0.395511203,0.604488797,0.604488797
P001,2,247,0.519327597,-0.519327597,0.519327597
P001,2,248,0.412954624,0.587045376,-0.587045376
P001,2,249,0.533198113,-0.533198113,0.533198113
P001,2,250,0.423984066,-0.423984066,0.423984066
P001,2,251,0.337140144,-0.337140144,0.662859856
P001,2,252,0.268084312,-0.268084312,0.731915688
P001,2,253,0.213173066,-0.213173066,0.786826934
P001,2,254,0.169509196,-0.169509196,0.830490804
P001,2,255,0.134788921,-0.134788921,0.865211079
P001,2,256,0.107180339,0.892819661,0.892819661
P001,2,257,0.290055045,-0.290055045,0.709944955
P001,2,258,0.230643572,-0.230643572,0.769356428
P001,2,259,0.183401249,0.816598751,0.816598751
P001,2,260,0.350663757,-0.350663757,0.649336243
P001,2,261,0.278837907,0.721162093,0.721162093
P001,2,262,0.42655229,-0.42655229,0.57344771
P001,2,263,0.339182323,-0.339182323,0.660817677
P001,2,264,0.269708195,-0.269708195,0.730291805
P001,2,265,0.214464332,0.785535668,0.785535668
P001,2,266,0.375364243,0.624635757,0.624635757
P001,2,267,0.503307304,-0.503307304,0.496692696
P001,2,268,0.40021574,0.59978426,0.59978426
P001,2,269,0.523068512,0.476931488,0.476931488
P001,2,270,0.620757563,-0.620757563,0.379242437
P001,2,271,0.493608866,-0.493608866,0.506391134
P001,2,272,0.392503816,0.607496184,0.607496184
P001,2,273,0.516936208,-0.516936208,0.516936208
P001,2,274,0.411053059,-0.411053059,0.411053059
P001,2,275,0.326857773,-0.326857773,0.673142227
P001,2,276,0.259908061,-0.259908061,0.740091939
P001,2,277,0.206671543,-0.206671543,0.793328457
P001,2,278,0.164339368,0.835660632,0.835660632
P001,2,279,0.335506289,-0.335506289,0.664493711
P001,2,280,0.266785117,0.733214883,0.733214883
P001,2,281,0.416968252,-0.416968252,0.583031748
P001,2,282,0.331561367,0.668438633,0.668438633
P001,2,283,0.468476495,0.531523505,0.531523505
P001,2,284,0.577347535,0.422652465,0.422652465
P001,2,285,0.663918708,0.336081292,-0.336081292
P001,2,286,0.732757657,0.267242343,-0.267242343
P001,2,287,0.787496444,0.212503556,-0.212503556
P001,2,288,0.831023179,-0.831023179,0.831023179
P001,2,289,0.66080614,-0.66080614,0.66080614
P001,2,290,0.525454362,0.474545638,-0.474545638
P001,2,291,0.622654724,-0.622654724,0.622654724
P001,2,292,0.495117434,0.504882566,0.504882566
P001,2,293,0.598531656,0.401468344,0.401468344
P001,2,294,0.680763722,0.319236278,-0.319236278
P001,2,295,0.746152337,-0.746152337,0.746152337
P001,2,296,0.593319245,0.406680755,-0.406680755
P001,2,297,0.67661896,-0.67661896,0.67661896
P001,2,298,0.53802827,0.46197173,0.46197173
P001,2,299,0.63265314,0.36734686,0.36734686
P001,2,300,0.707896161,-0.707896161,0.707896161
P001,2,301,0.562899016,0.437100984,-0.437100984
P001,2,302,0.652429654,0.347570346,-0.347570346
P001,2,303,0.723621886,-0.723621886,0.723621886
P001,2,304,0.575403668,0.424596332,-0.424596332
P001,2,305,0.662373,-0.662373,0.662373
P001,2,306,0.526700284,0.473299716,-0.473299716
P001,2,307,0.623645446,0.376354554,-0.376354554
P001,2,308,0.700733498,0.299266502,-0.299266502
P001,2,309,0.762031738,0.237968262,-0.237968262
P001,2,310,0.810774365,0.189225635,-0.189225635
P001,2,311,0.849533124,0.150466876,-0.150466876
P001,2,312,0.880352994,-0.880352994,0.880352994
P001,2,313,0.700031814,-0.700031814,0.700031814
P001,2,314,0.556645509,0.443354491,-0.443354491
P001,2,315,0.647457042,0.352542958,-0.352542958
P001,2,316,0.719667806,0.280332194,-0.280332194
P001,2,317,0.777087764,-0.777087764,0.777087764
P001,2,318,0.617918222,0.382081778,-0.382081778
P001,2,319,0.696179372,0.303820628,-0.303820628
P001,2,320,0.758410425,0.241589575,-0.241589575
P001,2,321,0.8078948,0.1921052,-0.1921052
P001,2,322,0.847243375,0.152756625,-0.152756625
P001,2,323,0.87853225,-0.87853225,0.87853225
P001,2,324,0.69858401,-0.69858401,0.69858401
P001,2,325,0.555494256,-0.555494256,0.555494256
P001,2,326,0.441713329,0.558286671,-0.558286671
P001,2,327,0.556066222,-0.556066222,0.556066222
P001,2,328,0.44216814,-0.44216814,0.44216814
P001,2,329,0.351599605,-0.351599605,0.351599605
P001,2,330,0.279582067,-0.279582067,0.279582067
P001,2,331,0.222315756,-0.222315756,0.777684244
P001,2,332,0.176779204,-0.176779204,0.823220796
P001,2,333,0.140569826,-0.140569826,0.859430174
P001,2,334,0.111777152,-0.111777152,0.888222848
P001,2,335,0.088882031,-0.088882031,0.911117969
P001,2,336,0.070676479,-0.070676479,0.929323521
P001,2,337,0.056199938,-0.056199938,0.943800062
P001,2,338,0.044688602,0.955311398,0.955311398
P001,2,339,0.240363382,-0.240363382,0.759636618
P001,2,340,0.191130167,-0.191130167,0.808869833
P001,2,341,0.151981305,-0.151981305,0.848018695
P001,2,342,0.120851238,-0.120851238,0.879148762
P001,2,343,0.096097488,-0.096097488,0.903902512
P001,2,344,0.076414006,-0.076414006,0.923585994
P001,2,345,0.060762257,-0.060762257,0.939237743
P001,2,346,0.048316429,-0.048316429,0.951683571
P001,2,347,0.038419859,-0.038419859,0.961580141
P001,2,348,0.030550385,-0.030550385,0.969449615
P001,2,349,0.024292803,-0.024292803,0.975707197
P001,2,350,0.01931695,-0.01931695,0.98068305
P001,2,351,0.015360293,-0.015360293,0.984639707
P001,2,352,0.012214071,-0.012214071,0.987785929
P001,2,353,0.009712284,0.990287716,0.990287716
P001,2,354,0.212551203,-0.212551203,0.787448797
P001,2,355,0.169014708,-0.169014708,0.830985292
P001,2,356,0.134395718,-0.134395718,0.865604282
P001,2,357,0.106867675,-0.106867675,0.893132325
P001,2,358,0.084978154,-0.084978154,0.915021846
P001,2,359,0.067572226,-0.067572226,0.932427774
P001,2,360,0.053731524,-0.053731524,0.946268476
P001,2,361,0.042725789,-0.042725789,0.957274211
P001,2,362,0.03397434,-0.03397434,0.96602566
P001,2,363,0.027015434,-0.027015434,0.972984566
P001,2,364,0.02148191,0.97851809,0.97851809
P001,2,365,0.221910077,0.778089923,0.778089923
P001,2,366,0.381284889,0.618715111,0.618715111
P001,2,367,0.508015234,-0.508015234,0.508015234
P001,2,368,0.403959353,0.596040647,-0.596040647
P001,2,369,0.526045327,-0.526045327,0.526045327
P001,2,370,0.418296373,0.581703627,-0.581703627
P001,2,371,0.53744572,0.46255428,0.46255428
P001,2,372,0.632189913,0.367810087,-0.367810087
P001,2,373,0.707527816,0.292472184,-0.292472184
P001,2,374,0.767434388,-0.767434388,0.767434388
P001,2,375,0.61024213,0.38975787,0.38975787
P001,2,376,0.69007556,-0.69007556,0.69007556
P001,2,377,0.548728577,-0.548728577,0.548728577
P001,2,378,0.436333453,-0.436333453,0.563666547
P001,2,379,0.346960027,0.653039973,0.653039973
P001,2,380,0.480721074,0.519278926,0.519278926
P001,2,381,0.587084078,-0.587084078,0.587084078
P001,2,382,0.466832662,-0.466832662,0.533167338
P001,2,383,0.371212136,-0.371212136,0.628787864
P001,2,384,0.295177397,0.704822603,0.704822603
P001,2,385,0.439544991,0.560455009,-0.560455009
P001,2,386,0.55434202,0.44565798,-0.44565798
P001,2,387,0.645625373,-0.645625373,0.645625373
P001,2,388,0.513383045,0.486616955,0.486616955
P001,2,389,0.613055954,-0.613055954,0.386944046
P001,2,390,0.487484764,0.512515236,0.512515236
P001,2,391,0.592462373,-0.592462373,0.407537627
P001,2,392,0.47110933,0.52889067,0.52889067
P001,2,393,0.579441091,-0.579441091,0.420558909
P001,2,394,0.460755175,-0.460755175,0.539244825
P001,2,395,0.36637949,-0.36637949,0.63362051
P001,2,396,0.291334613,0.708665387,0.708665387
P001,2,397,0.436489318,0.563510682,-0.563510682
P001,2,398,0.551912236,0.448087764,-0.448087764
P001,2,399,0.643693277,0.356306723,-0.356306723
P001,2,400,0.716674966,0.283325034,-0.283325034
P001,2,401,0.774707943,0.225292057,-0.225292057
P001,2,402,0.820854125,0.179145875,-0.179145875
P001,2,403,0.857548264,0.142451736,-0.142451736
P001,2,404,0.886726407,0.113273593,-0.113273593
P001,2,405,0.909928041,0.090071959,-0.090071959
P001,2,406,0.928377324,0.071622676,-0.071622676
P001,2,407,0.943047673,0.056952327,-0.056952327
P001,2,408,0.95471312,0.04528688,-0.04528688
P001,2,409,0.963989153,0.036010847,-0.036010847
P001,2,410,0.971365192,0.028634808,-0.028634808
P001,2,411,0.97723041,-0.97723041,0.97723041
P001,2,412,0.777065997,0.222934003,-0.222934003
P001,2,413,0.822729183,0.177270817,-0.177270817
P001,2,414,0.859039258,0.140960742,-0.140960742
P001,2,415,0.887912002,0.112087998,-0.112087998
P001,2,416,0.910870793,0.089129207,-0.089129207
P001,2,417,0.929126974,0.070873026,-0.070873026
P001,2,418,0.943643773,0.056356227,-0.056356227
P001,2,419,0.955187122,0.044812878,-0.044812878
P001,2,420,0.964366066,0.035633934,-0.035633934
P001,2,421,0.971664903,-0.971664903,0.971664903
P001,2,422,0.772640463,0.227359537,-0.227359537
P001,2,423,0.819210123,0.180789877,-0.180789877
P001,2,424,0.856241001,0.143758999,-0.143758999
P001,2,425,0.885686908,0.114313092,-0.114313092
P001,2,426,0.909101461,-0.909101461,0.909101461
P001,2,427,0.722891782,0.277108218,-0.277108218
P001,2,428,0.779651379,0.220348621,-0.220348621
P001,2,429,0.824785005,0.175214995,-0.175214995
P001,2,430,0.860673989,0.139326011,-0.139326011
P001,2,431,0.889211895,0.110788105,-0.110788105
P001,2,432,0.911904431,0.088095569,-0.088095569
P001,2,433,0.929948894,0.070051106,-0.070051106
P001,2,434,0.944297341,-0.944297341,0.944297341
P001,2,435,0.750878551,-0.750878551,0.750878551
P001,2,436,0.597077397,0.402922603,-0.402922603
P001,2,437,0.679607336,-0.679607336,0.679607336
P001,2,438,0.540404542,-0.540404542,0.540404542
P001,2,439,0.429714415,-0.429714415,0.570285585
P001,2,440,0.341696755,-0.341696755,0.658303245
P001,2,441,0.2717076,-0.2717076,0.7282924
P001,2,442,0.216054203,0.783945797,0.783945797
P001,2,443,0.376628463,-0.376628463,0.623371537
P001,2,444,0.299484307,0.700515693,0.700515693
P001,2,445,0.442969724,0.557030276,0.557030276
P001,2,446,0.557065271,-0.557065271,0.442934729
P001,2,447,0.442962556,0.557037444,0.557037444
P001,2,448,0.557059572,-0.557059572,0.557059572
P001,2,449,0.442958024,-0.442958024,0.442958024
P001,2,450,0.352227698,-0.352227698,0.647772302
P001,2,451,0.280081509,-0.280081509,0.719918491
P001,2,452,0.222712898,-0.222712898,0.777287102
P001,2,453,0.177095,-0.177095,0.822905
P001,2,454,0.140820938,0.859179062,0.859179062
P001,2,455,0.316805098,-0.316805098,0.316805098
P001,2,456,0.251914458,-0.251914458,0.251914458
P001,2,457,0.200315256,-0.200315256,0.200315256
P001,2,458,0.159285029,-0.159285029,0.840714971
P001,2,459,0.126658952,0.873341048,0.873341048
P001,2,460,0.305543887,-0.305543887,0.694456113
P001,2,461,0.242959862,-0.242959862,0.757040138
P001,2,462,0.193194814,-0.193194814,0.806805186
P001,2,463,0.153623054,-0.153623054,0.846376946
P001,2,464,0.12215671,-0.12215671,0.87784329
P001,2,465,0.097135563,-0.097135563,0.902864437
P001,2,466,0.077239453,-0.077239453,0.922760547
P001,2,467,0.06141863,-0.06141863,0.93858137
P001,2,468,0.048838358,0.951161642,0.951161642
P001,2,469,0.243663151,0.756336849,0.756336849
P001,2,470,0.398582319,0.601417681,0.601417681
P001,2,471,0.521769661,-0.521769661,0.478230339
P001,2,472,0.414896485,-0.414896485,0.585103515
P001,2,473,0.329913956,0.670086044,0.670086044
P001,2,474,0.467166521,-0.467166521,0.532833479
P001,2,475,0.371477611,0.628522389,0.628522389
P001,2,476,0.500216764,0.499783236,0.499783236
P001,2,477,0.602586499,-0.602586499,0.397413501
P001,2,478,0.479159749,-0.479159749,0.520840251
P001,2,479,0.381014287,0.618985713,0.618985713
P001,2,480,0.507800059,0.492199941,0.492199941
P001,2,481,0.608616521,-0.608616521,0.608616521
P001,2,482,0.483954653,-0.483954653,0.483954653
P001,2,483,0.384827059,-0.384827059,0.615172941
P001,2,484,0.306003598,-0.306003598,0.693996402
P001,2,485,0.243325411,0.756674589,0.756674589
P001,2,486,0.398313757,-0.398313757,0.398313757
P001,2,487,0.31672784,0.68327216,0.68327216
P001,2,488,0.456681294,0.543318706,-0.543318706
P001,2,489,0.567968324,-0.567968324,0.567968324
P001,2,490,0.451632355,0.548367645,0.548367645
P001,2,491,0.563953551,0.436046449,-0.436046449
P001,2,492,0.65326819,-0.65326819,0.65326819
P001,2,493,0.519460398,-0.519460398,0.519460398
P001,2,494,0.413060223,0.586939777,0.586939777
P001,2,495,0.533282082,-0.533282082,0.533282082
P001,2,496,0.424050836,0.575949164,0.575949164
P001,2,497,0.542021507,-0.542021507,0.457978493
P001,2,498,0.431000179,-0.431000179,0.568999821
P001,2,499,0.342719159,0.657280841,0.657280841
P001,2,500,0.477348856,0.522651144,0.522651144
P001,2,501,0.584402585,0.415597415,0.415597415
P001,2,502,0.669528684,0.330471316,-0.330471316
P001,2,503,0.737218552,-0.737218552,0.737218552
P001,2,504,0.586215352,-0.586215352,0.586215352
P001,2,505,0.466141876,-0.466141876,0.533858124
P001,2,506,0.370662842,-0.370662842,0.629337158
P001,2,507,0.294740614,-0.294740614,0.705259386
P001,2,508,0.234369404,-0.234369404,0.765630596
P001,2,509,0.186363925,-0.186363925,0.813636075
P001,2,510,0.148191325,-0.148191325,0.851808675
P001,2,511,0.117837552,-0.117837552,0.882162448
P001,2,512,0.09370109,0.90629891,0.90629891
P001,2,513,0.279336727,-0.279336727,0.720663273
P001,2,514,0.222120669,-0.222120669,0.777879331
P001,2,515,0.176624077,-0.176624077,0.823375923
P001,2,516,0.140446473,-0.140446473,0.859553527
P001,2,517,0.111679065,-0.111679065,0.888320935
P001,2,518,0.088804035,-0.088804035,0.911195965
P001,2,519,0.070614458,-0.070614458,0.929385542
P001,2,520,0.056150621,-0.056150621,0.943849379
P001,2,521,0.044649387,-0.044649387,0.955350613
P001,2,522,0.03550393,0.96449607,0.96449607
P001,2,523,0.233059991,-0.233059991,0.766940009
P001,2,524,0.185322716,-0.185322716,0.814677284
P001,2,525,0.147363385,-0.147363385,0.852636615
P001,2,526,0.117179198,-0.117179198,0.882820802
P001,2,527,0.093177586,0.906822414,0.906822414
P001,2,528,0.278920451,-0.278920451,0.721079549
P001,2,529,0.221789658,-0.221789658,0.778210342
P001,2,530,0.176360866,-0.176360866,0.823639134
P001,2,531,0.140237175,-0.140237175,0.859762825
P001,2,532,0.111512637,-0.111512637,0.888487363
P001,2,533,0.088671697,0.911328303,0.911328303
P001,2,534,0.275337496,0.724662504,0.724662504
P001,2,535,0.423768862,-0.423768862,0.576231138
P001,2,536,0.33696902,-0.33696902,0.66303098
P001,2,537,0.267948239,-0.267948239,0.732051761
P001,2,538,0.213064865,-0.213064865,0.786935135
P001,2,539,0.169423157,-0.169423157,0.830576843
P001,2,540,0.134720505,-0.134720505,0.865279495
P001,2,541,0.107125937,-0.107125937,0.892874063
P001,2,542,0.085183517,-0.085183517,0.914816483
P001,2,543,0.067735525,-0.067735525,0.932264475
P001,2,544,0.053861374,0.946138626,0.946138626
P001,2,545,0.247657311,0.752342689,0.752342689
P001,2,546,0.401758362,0.598241638,0.598241638
P001,2,547,0.524295161,0.475704839,0.475704839
P001,2,548,0.62173296,0.37826704,0.37826704
P001,2,549,0.699212743,0.300787257,-0.300787257
P001,2,550,0.760822476,-0.760822476,0.760822476
P001,2,551,0.604984525,-0.604984525,0.604984525
P001,2,552,0.481066592,0.518933408,0.518933408
P001,2,553,0.587358824,0.412641176,-0.412641176
P001,2,554,0.671879402,0.328120598,-0.328120598
P001,2,555,0.739087776,0.260912224,-0.260912224
P001,2,556,0.792529975,0.207470025,-0.207470025
P001,2,557,0.835025701,0.164974299,-0.164974299
P001,2,558,0.868817101,0.131182899,-0.131182899
P001,2,559,0.895687067,-0.895687067,0.895687067
P001,2,560,0.712225036,0.287774964,-0.287774964
P001,2,561,0.771169484,0.228830516,-0.228830516
P001,2,562,0.818040442,-0.818040442,0.818040442
P001,2,563,0.650482634,0.349517366,-0.349517366
P001,2,564,0.722073671,0.277926329,-0.277926329
P001,2,565,0.77900084,-0.77900084,0.77900084
P001,2,566,0.619439446,0.380560554,0.380560554
P001,2,567,0.697389006,-0.697389006,0.697389006
P001,2,568,0.554544023,-0.554544023,0.445455977
P001,2,569,0.44095773,0.55904227,0.55904227
P001,2,570,0.555465391,0.444534609,-0.444534609
P001,2,571,0.646518646,0.353481354,-0.353481354
P001,2,572,0.71892162,-0.71892162,0.71892162
P001,2,573,0.571666149,-0.571666149,0.571666149
P001,2,574,0.454572761,0.545427239,0.545427239
P001,2,575,0.566291678,0.433708322,-0.433708322
P001,2,576,0.655127403,-0.655127403,0.655127403
P001,2,577,0.520938791,-0.520938791,0.520938791
P001,2,578,0.4142358,-0.4142358,0.5857642
P001,2,579,0.329388598,-0.329388598,0.329388598
P001,2,580,0.261920502,0.738079498,0.738079498
P001,2,581,0.413100048,-0.413100048,0.586899952
P001,2,582,0.32848548,0.67151452,0.67151452
P001,2,583,0.466030637,-0.466030637,0.466030637
P001,2,584,0.370574388,-0.370574388,0.629425612
P001,2,585,0.294670278,0.705329722,0.705329722
P001,2,586,0.439141744,0.560858256,0.560858256
P001,2,587,0.55402137,0.44597863,-0.44597863
P001,2,588,0.645370401,-0.645370401,0.645370401
P001,2,589,0.513180299,-0.513180299,0.513180299
P001,2,590,0.408066466,0.591933534,0.591933534
P001,2,591,0.529311187,-0.529311187,0.529311187
P001,2,592,0.420893293,-0.420893293,0.420893293
P001,2,593,0.334682448,-0.334682448,0.665317552
P001,2,594,0.266130022,-0.266130022,0.266130022
P001,2,595,0.21161907,-0.21161907,0.78838093
P001,2,596,0.168273502,-0.168273502,0.831726498
P001,2,597,0.133806332,-0.133806332,0.866193668
P001,2,598,0.106399013,0.893600987,0.893600987
P001,2,599,0.289433756,-0.289433756,0.710566244
P001,2,600,0.230149541,-0.230149541,0.769850459
P001,2,601,0.183008409,0.816991591,0.816991591
P001,2,602,0.350351382,-0.350351382,0.649648618
P001,2,603,0.278589515,0.721410485,0.721410485
P001,2,604,0.426354776,-0.426354776,0.573645224
P001,2,605,0.339025265,-0.339025265,0.660974735
P001,2,606,0.269583307,0.730416693,0.730416693
P001,2,607,0.419193294,-0.419193294,0.580806706
P001,2,608,0.333330657,0.666669343,0.666669343
P001,2,609,0.469883385,0.530116615,0.530116615
P001,2,610,0.578466254,0.421533746,0.421533746
P001,2,611,0.664808281,0.335191719,0.335191719
P001,2,612,0.733465021,-0.733465021,0.733465021
P001,2,613,0.58323065,0.41676935,-0.41676935
P001,2,614,0.668596795,0.331403205,0.331403205
P001,2,615,0.73647754,0.26352246,-0.26352246
P001,2,616,0.790454389,0.209545611,-0.209545611
P001,2,617,0.833375254,0.166624746,-0.166624746
P001,2,618,0.867504712,0.132495288,-0.132495288
P001,2,619,0.894643493,0.105356507,-0.105356507
P001,2,620,0.916223484,0.083776516,-0.083776516
P001,2,621,0.933383283,0.066616717,-0.066616717
P001,2,622,0.94702827,0.05297173,-0.05297173
P001,2,623,0.957878377,0.042121623,-0.042121623
P001,2,624,0.966506076,0.033493924,-0.033493924
P001,2,625,0.973366579,0.026633421,-0.026633421
P001,2,626,0.978821856,0.021178144,-0.021178144
P001,2,627,0.983159739,0.016840261,-0.016840261
P001,2,628,0.9866091,0.0133909,-0.0133909
P001,2,629,0.989351935,0.010648065,-0.010648065
P001,2,630,0.99153296,0.00846704,-0.00846704
P001,2,631,0.993267249,0.006732751,-0.006732751
P001,2,632,0.994646307,-0.994646307,0.994646307
P001,2,633,0.790914625,0.209085375,-0.209085375
P001,2,634,0.833741221,0.166258779,-0.166258779
P001,2,635,0.867795719,0.132204281,-0.132204281
P001,2,636,0.894874893,0.105125107,-0.105125107
P001,2,637,0.916407487,0.083592513,-0.083592513
P001,2,638,0.933529596,0.066470404,-0.066470404
P001,2,639,0.947144614,0.052855386,-0.052855386
P001,2,640,0.957970891,0.042029109,-0.042029109
P001,2,641,0.966579641,0.033420359,-0.033420359
P001,2,642,0.973425075,0.026574925,-0.026574925
P001,2,643,0.978868371,0.021131629,-0.021131629
P001,2,644,0.983196726,-0.983196726,0.983196726
P001,2,645,0.781810242,-0.781810242,0.781810242
P001,2,646,0.621673404,-0.621673404,0.621673404
P001,2,647,0.494337116,-0.494337116,0.505662884
P001,2,648,0.3930829,-0.3930829,0.6069171
P001,2,649,0.31256841,-0.31256841,0.68743159
P001,2,650,0.248545564,-0.248545564,0.751454436
P001,2,651,0.197636406,-0.197636406,0.802363594
P001,2,652,0.157154883,-0.157154883,0.842845117
P001,2,653,0.12496512,0.87503488,0.87503488
P001,2,654,0.304197,0.695803,0.695803
P001,2,655,0.446717124,-0.446717124,0.446717124
P001,2,656,0.355216829,0.644783171,0.644783171
P001,2,657,0.48728665,-0.48728665,0.51271335
P001,2,658,0.387476569,-0.387476569,0.387476569
P001,2,659,0.308110414,-0.308110414,0.691889586
P001,2,660,0.245000691,-0.245000691,0.754999309
P001,2,661,0.194817624,-0.194817624,0.805182376
P001,2,662,0.154913467,-0.154913467,0.845086533
P001,2,663,0.12318281,-0.12318281,0.87681719
P001,2,664,0.097951488,-0.097951488,0.902048512
P001,2,665,0.077888254,-0.077888254,0.922111746
P001,2,666,0.061934538,-0.061934538,0.938065462
P001,2,667,0.049248594,-0.049248594,0.950751406
P001,2,668,0.039161089,-0.039161089,0.960838911
P001,2,669,0.031139791,-0.031139791,0.968860209
P001,2,670,0.024761482,0.975238518,0.975238518
P001,2,671,0.2245179,-0.2245179,0.7754821
P001,2,672,0.178530287,-0.178530287,0.821469713
P001,2,673,0.141962237,0.858037763,0.858037763
P001,2,674,0.317712627,-0.317712627,0.682287373
P001,2,675,0.2526361,-0.2526361,0.7473639
P001,2,676,0.200889085,-0.200889085,0.799110915
P001,2,677,0.159741321,-0.159741321,0.840258679
P001,2,678,0.127021783,-0.127021783,0.872978217
P001,2,679,0.101004131,-0.101004131,0.898995869
P001,2,680,0.08031563,-0.08031563,0.91968437
P001,2,681,0.063864718,-0.063864718,0.936135282
P001,2,682,0.050783418,-0.050783418,0.949216582
P001,2,683,0.040381539,-0.040381539,0.959618461
P001,2,684,0.032110258,-0.032110258,0.967889742
P001,2,685,0.025533169,0.974466831,0.974466831
P001,2,686,0.225131524,0.774868476,0.774868476
P001,2,687,0.383846493,0.616153507,-0.616153507
P001,2,688,0.510052149,-0.510052149,0.510052149
P001,2,689,0.40557905,0.59442095,-0.59442095
P001,2,690,0.527333265,-0.527333265,0.527333265
P001,2,691,0.419320505,0.580679495,0.580679495
P001,2,692,0.538260081,0.461739919,-0.461739919
P001,2,693,0.632837469,0.367162531,-0.367162531
P001,2,694,0.708042735,-0.708042735,0.708042735
P001,2,695,0.563015567,0.436984433,-0.436984433
P001,2,696,0.652522332,-0.652522332,0.652522332
P001,2,697,0.518867312,0.481132688,-0.481132688
P001,2,698,0.617416888,0.382583112,-0.382583112
P001,2,699,0.695780725,0.304219275,-0.304219275
P001,2,700,0.758093432,-0.758093432,0.758093432
P001,2,701,0.602814467,0.397185533,-0.397185533
P001,2,702,0.684169292,-0.684169292,0.684169292
P001,2,703,0.54403208,0.45596792,0.45596792
P001,2,704,0.6374272,0.3625728,-0.3625728
P001,2,705,0.711692359,-0.711692359,0.711692359
P001,2,706,0.565917645,0.434082355,-0.434082355
P001,2,707,0.654829982,0.345170018,-0.345170018
P001,2,708,0.72553056,0.27446944,-0.27446944
P001,2,709,0.78174966,0.21825034,-0.21825034
P001,2,710,0.826453499,0.173546501,-0.173546501
P001,2,711,0.862000729,0.137999271,-0.137999271
P001,2,712,0.890266881,0.109733119,-0.109733119
P001,2,713,0.912743326,0.087256674,-0.087256674
P001,2,714,0.930615959,-0.930615959,0.930615959
P001,2,715,0.739999503,0.260000497,-0.260000497
P001,2,716,0.793254955,-0.793254955,0.793254955
P001,2,717,0.630773915,0.369226085,-0.369226085
P001,2,718,0.706401855,0.293598145,-0.293598145
P001,2,719,0.766539055,-0.766539055,0.766539055
P001,2,720,0.609530187,0.390469813,-0.390469813